660b1c0e2db1773fbe9f2588,firstname-1,lastname-1
660b1c0e2db1773fbe9f2589,firstname-2,lastname-2
660b1c0e2db1773fbe9f258a,firstname-3,lastname-3
660b1c0e2db1773fbe9f258b,firstname-4,lastname-4
660b1c0e2db1773fbe9f258c,firstname-5,lastname-5
660b1c0e2db1773fbe9f258d,firstname-6,lastname-6
660b1c0f2db1773fbe9f258e,firstname-7,lastname-7
660b1c0f2db1773fbe9f258f,firstname-8,lastname-8
660b1c0f2db1773fbe9f2590,firstname-9,lastname-9
660b1c0f2db1773fbe9f2591,firstname-10,lastname-10
660b1c0f2db1773fbe9f2592,firstname-11,lastname-11
660b1c0f2db1773fbe9f2593,firstname-12,lastname-12
660b1c102db1773fbe9f2594,firstname-13,lastname-13
660b1c102db1773fbe9f2595,firstname-14,lastname-14
660b1c102db1773fbe9f2596,firstname-15,lastname-15
660b1c102db1773fbe9f2597,firstname-16,lastname-16
660b1c102db1773fbe9f2598,firstname-17,lastname-17
660b1c102db1773fbe9f2599,firstname-18,lastname-18
660b1c102db1773fbe9f259a,firstname-19,lastname-19
660b1c112db1773fbe9f259b,firstname-20,lastname-20
660b1c112db1773fbe9f259c,firstname-21,lastname-21
660b1c112db1773fbe9f259d,firstname-22,lastname-22
660b1c112db1773fbe9f259e,firstname-23,lastname-23
660b1c112db1773fbe9f259f,firstname-24,lastname-24
660b1c112db1773fbe9f25a0,firstname-25,lastname-25
660b1c122db1773fbe9f25a1,firstname-26,lastname-26
660b1c122db1773fbe9f25a2,firstname-27,lastname-27
660b1c122db1773fbe9f25a3,firstname-28,lastname-28
660b1c122db1773fbe9f25a4,firstname-29,lastname-29
660b1c122db1773fbe9f25a5,firstname-30,lastname-30
660b1c122db1773fbe9f25a6,firstname-31,lastname-31
660b1c122db1773fbe9f25a7,firstname-32,lastname-32
660b1c132db1773fbe9f25a8,firstname-33,lastname-33
660b1c132db1773fbe9f25a9,firstname-34,lastname-34
660b1c132db1773fbe9f25aa,firstname-35,lastname-35
660b1c132db1773fbe9f25ab,firstname-36,lastname-36
660b1c132db1773fbe9f25ac,firstname-37,lastname-37
660b1c132db1773fbe9f25ad,firstname-38,lastname-38
660b1c142db1773fbe9f25ae,firstname-39,lastname-39
660b1c142db1773fbe9f25af,firstname-40,lastname-40
660b1c142db1773fbe9f25b0,firstname-41,lastname-41
660b1c142db1773fbe9f25b1,firstname-42,lastname-42
660b1c142db1773fbe9f25b2,firstname-43,lastname-43
660b1c142db1773fbe9f25b3,firstname-44,lastname-44
660b1c152db1773fbe9f25b4,firstname-45,lastname-45
660b1c152db1773fbe9f25b5,firstname-46,lastname-46
660b1c152db1773fbe9f25b6,firstname-47,lastname-47
660b1c152db1773fbe9f25b7,firstname-48,lastname-48
660b1c152db1773fbe9f25b8,firstname-49,lastname-49
660b1c152db1773fbe9f25b9,firstname-50,lastname-50
660b1c152db1773fbe9f25ba,firstname-51,lastname-51
660b1c162db1773fbe9f25bb,firstname-52,lastname-52
660b1c162db1773fbe9f25bc,firstname-53,lastname-53
660b1c162db1773fbe9f25bd,firstname-54,lastname-54
660b1c162db1773fbe9f25be,firstname-55,lastname-55
660b1c162db1773fbe9f25bf,firstname-56,lastname-56
660b1c162db1773fbe9f25c0,firstname-57,lastname-57
660b1c172db1773fbe9f25c1,firstname-58,lastname-58
660b1c172db1773fbe9f25c2,firstname-59,lastname-59
660b1c172db1773fbe9f25c3,firstname-60,lastname-60
660b1c172db1773fbe9f25c4,firstname-61,lastname-61
660b1c172db1773fbe9f25c5,firstname-62,lastname-62
660b1c172db1773fbe9f25c6,firstname-63,lastname-63
660b1c172db1773fbe9f25c7,firstname-64,lastname-64
660b1c182db1773fbe9f25c8,firstname-65,lastname-65
660b1c182db1773fbe9f25c9,firstname-66,lastname-66
660b1c182db1773fbe9f25ca,firstname-67,lastname-67
660b1c182db1773fbe9f25cb,firstname-68,lastname-68
660b1c182db1773fbe9f25cc,firstname-69,lastname-69
660b1c182db1773fbe9f25cd,firstname-70,lastname-70
660b1c192db1773fbe9f25ce,firstname-71,lastname-71
660b1c192db1773fbe9f25cf,firstname-72,lastname-72
660b1c192db1773fbe9f25d0,firstname-73,lastname-73
660b1c192db1773fbe9f25d1,firstname-74,lastname-74
660b1c192db1773fbe9f25d2,firstname-75,lastname-75
660b1c192db1773fbe9f25d3,firstname-76,lastname-76
660b1c1a2db1773fbe9f25d4,firstname-77,lastname-77
660b1c1a2db1773fbe9f25d5,firstname-78,lastname-78
660b1c1a2db1773fbe9f25d6,firstname-79,lastname-79
660b1c1a2db1773fbe9f25d7,firstname-80,lastname-80
660b1c1a2db1773fbe9f25d8,firstname-81,lastname-81
660b1c1a2db1773fbe9f25d9,firstname-82,lastname-82
660b1c1a2db1773fbe9f25da,firstname-83,lastname-83
660b1c1b2db1773fbe9f25db,firstname-84,lastname-84
660b1c1b2db1773fbe9f25dc,firstname-85,lastname-85
660b1c1b2db1773fbe9f25dd,firstname-86,lastname-86
660b1c1b2db1773fbe9f25de,firstname-87,lastname-87
660b1c1b2db1773fbe9f25df,firstname-88,lastname-88
660b1c1b2db1773fbe9f25e0,firstname-89,lastname-89
660b1c1c2db1773fbe9f25e1,firstname-90,lastname-90
660b1c1c2db1773fbe9f25e2,firstname-91,lastname-91
660b1c1c2db1773fbe9f25e3,firstname-92,lastname-92
660b1c1c2db1773fbe9f25e4,firstname-93,lastname-93
660b1c1c2db1773fbe9f25e5,firstname-94,lastname-94
660b1c1c2db1773fbe9f25e6,firstname-95,lastname-95
660b1c1c2db1773fbe9f25e7,firstname-96,lastname-96
660b1c1d2db1773fbe9f25e8,firstname-97,lastname-97
660b1c1d2db1773fbe9f25e9,firstname-98,lastname-98
660b1c1d2db1773fbe9f25ea,firstname-99,lastname-99
660b1c1d2db1773fbe9f25eb,firstname-100,lastname-100
